inventory_methodology_version,application,application_commit,file,line,end_line,kind,name,loc,features,bucket,primary_reason,secondary_reasons,confidence
2,prometheus-cpp-core,458deac15d331ca4ec993d3b88ac8f8f727aae05,core/src/check_names.cc,10,13,function,isLocaleIndependentAlphaNumeric,4,"{""bitfield"": false, ""branch_complexity_proxy"": 0, ""c_array"": false, ""call_count"": 2, ""callback"": false, ""calloc"": false, ""conditional_compilation"": false, ""explicit_abi_boundary"": false, ""extern_declaration"": false, ""extern_or_abi_boundary"": false, ""flexible_array"": false, ""free"": false, ""function_pointer"": false, ""generated_source"": false, ""global_read"": false, ""global_write"": false, ""goto"": false, ""lexical_ambiguity"": false, ""longjmp"": false, ""macro_density"": 0.0, ""macro_generated_declaration"": false, ""macro_use"": false, ""malloc"": false, ""memcpy"": false, ""memmove"": false, ""memset"": false, ""mutable_global"": false, ""parameter_count"": 1, ""platform_specific"": false, ""pointer_arithmetic"": false, ""pointer_count"": 0, ""pointer_to_pointer"": false, ""raw_pointer_parameter"": false, ""raw_pointer_return"": false, ""realloc"": false, ""setjmp"": false, ""static_local"": false, ""syscall"": false, ""third_party"": false, ""union"": false, ""va_list"": false, ""variadic"": false, ""void_pointer"": false}",TRIVIAL,no_significant_detected_blocker,[],medium
2,prometheus-cpp-core,458deac15d331ca4ec993d3b88ac8f8f727aae05,core/src/check_names.cc,15,15,function,isLocaleIndependentDigit,1,"{""bitfield"": false, ""branch_complexity_proxy"": 0, ""c_array"": false, ""call_count"": 1, ""callback"": false, ""calloc"": false, ""conditional_compilation"": false, ""explicit_abi_boundary"": false, ""extern_declaration"": false, ""extern_or_abi_boundary"": false, ""flexible_array"": false, ""free"": false, ""function_pointer"": false, ""generated_source"": false, ""global_read"": false, ""global_write"": false, ""goto"": false, ""lexical_ambiguity"": false, ""longjmp"": false, ""macro_density"": 0.0, ""macro_generated_declaration"": false, ""macro_use"": false, ""malloc"": false, ""memcpy"": false, ""memmove"": false, ""memset"": false, ""mutable_global"": false, ""parameter_count"": 1, ""platform_specific"": false, ""pointer_arithmetic"": false, ""pointer_count"": 0, ""pointer_to_pointer"": false, ""raw_pointer_parameter"": false, ""raw_pointer_return"": false, ""realloc"": false, ""setjmp"": false, ""static_local"": false, ""syscall"": false, ""third_party"": false, ""union"": false, ""va_list"": false, ""variadic"": false, ""void_pointer"": false}",TRIVIAL,no_significant_detected_blocker,[],medium
2,prometheus-cpp-core,458deac15d331ca4ec993d3b88ac8f8f727aae05,core/src/check_names.cc,17,33,function,nameStartsValid,17,"{""bitfield"": false, ""branch_complexity_proxy"": 3, ""c_array"": false, ""call_count"": 8, ""callback"": false, ""calloc"": false, ""conditional_compilation"": false, ""explicit_abi_boundary"": false, ""extern_declaration"": false, ""extern_or_abi_boundary"": false, ""flexible_array"": false, ""free"": false, ""function_pointer"": false, ""generated_source"": false, ""global_read"": false, ""global_write"": false, ""goto"": false, ""lexical_ambiguity"": false, ""longjmp"": false, ""macro_density"": 0.0, ""macro_generated_declaration"": false, ""macro_use"": false, ""malloc"": false, ""memcpy"": false, ""memmove"": false, ""memset"": false, ""mutable_global"": false, ""parameter_count"": 1, ""platform_specific"": false, ""pointer_arithmetic"": false, ""pointer_count"": 0, ""pointer_to_pointer"": false, ""raw_pointer_parameter"": false, ""raw_pointer_return"": false, ""realloc"": false, ""setjmp"": false, ""static_local"": false, ""syscall"": false, ""third_party"": false, ""union"": false, ""va_list"": false, ""variadic"": false, ""void_pointer"": false}",TRIVIAL,no_significant_detected_blocker,[],medium
2,prometheus-cpp-core,458deac15d331ca4ec993d3b88ac8f8f727aae05,core/src/check_names.cc,44,56,function,CheckMetricName,13,"{""bitfield"": false, ""branch_complexity_proxy"": 1, ""c_array"": false, ""call_count"": 8, ""callback"": false, ""calloc"": false, ""conditional_compilation"": false, ""explicit_abi_boundary"": false, ""extern_declaration"": false, ""extern_or_abi_boundary"": false, ""flexible_array"": false, ""free"": false, ""function_pointer"": false, ""generated_source"": false, ""global_read"": false, ""global_write"": false, ""goto"": false, ""lexical_ambiguity"": false, ""longjmp"": false, ""macro_density"": 0.0, ""macro_generated_declaration"": false, ""macro_use"": false, ""malloc"": false, ""memcpy"": false, ""memmove"": false, ""memset"": false, ""mutable_global"": false, ""parameter_count"": 1, ""platform_specific"": false, ""pointer_arithmetic"": false, ""pointer_count"": 0, ""pointer_to_pointer"": false, ""raw_pointer_parameter"": false, ""raw_pointer_return"": false, ""realloc"": false, ""setjmp"": false, ""static_local"": false, ""syscall"": false, ""third_party"": false, ""union"": false, ""va_list"": false, ""variadic"": false, ""void_pointer"": false}",TRIVIAL,no_significant_detected_blocker,[],medium
2,prometheus-cpp-core,458deac15d331ca4ec993d3b88ac8f8f727aae05,core/src/check_names.cc,67,84,function,CheckLabelName,18,"{""bitfield"": false, ""branch_complexity_proxy"": 2, ""c_array"": false, ""call_count"": 9, ""callback"": false, ""calloc"": false, ""conditional_compilation"": false, ""explicit_abi_boundary"": false, ""extern_declaration"": false, ""extern_or_abi_boundary"": false, ""flexible_array"": false, ""free"": false, ""function_pointer"": false, ""generated_source"": false, ""global_read"": false, ""global_write"": false, ""goto"": false, ""lexical_ambiguity"": false, ""longjmp"": false, ""macro_density"": 0.0, ""macro_generated_declaration"": false, ""macro_use"": false, ""malloc"": false, ""memcpy"": false, ""memmove"": false, ""memset"": false, ""mutable_global"": false, ""parameter_count"": 2, ""platform_specific"": false, ""pointer_arithmetic"": false, ""pointer_count"": 0, ""pointer_to_pointer"": false, ""raw_pointer_parameter"": false, ""raw_pointer_return"": false, ""realloc"": false, ""setjmp"": false, ""static_local"": false, ""syscall"": false, ""third_party"": false, ""union"": false, ""va_list"": false, ""variadic"": false, ""void_pointer"": false}",TRIVIAL,no_significant_detected_blocker,[],medium
2,prometheus-cpp-core,458deac15d331ca4ec993d3b88ac8f8f727aae05,core/src/detail/hash.h,14,14,function,hash_combine,1,"{""bitfield"": false, ""branch_complexity_proxy"": 0, ""c_array"": false, ""call_count"": 1, ""callback"": false, ""calloc"": false, ""conditional_compilation"": false, ""explicit_abi_boundary"": false, ""extern_declaration"": false, ""extern_or_abi_boundary"": false, ""flexible_array"": false, ""free"": false, ""function_pointer"": false, ""generated_source"": false, ""global_read"": false, ""global_write"": false, ""goto"": false, ""lexical_ambiguity"": false, ""longjmp"": false, ""macro_density"": 0.0, ""macro_generated_declaration"": false, ""macro_use"": false, ""malloc"": false, ""memcpy"": false, ""memmove"": false, ""memset"": false, ""mutable_global"": false, ""parameter_count"": 1, ""platform_specific"": false, ""pointer_arithmetic"": false, ""pointer_count"": 1, ""pointer_to_pointer"": false, ""raw_pointer_parameter"": true, ""raw_pointer_return"": false, ""realloc"": false, ""setjmp"": false, ""static_local"": false, ""syscall"": false, ""third_party"": false, ""union"": false, ""va_list"": false, ""variadic"": false, ""void_pointer"": false}",TRIVIAL,no_significant_detected_blocker,"[""raw_pointer_parameter""]",medium
2,prometheus-cpp-core,458deac15d331ca4ec993d3b88ac8f8f727aae05,core/src/detail/hash.h,21,23,function,hash_combine,3,"{""bitfield"": false, ""branch_complexity_proxy"": 0, ""c_array"": false, ""call_count"": 1, ""callback"": false, ""calloc"": false, ""conditional_compilation"": false, ""explicit_abi_boundary"": false, ""extern_declaration"": false, ""extern_or_abi_boundary"": false, ""flexible_array"": false, ""free"": false, ""function_pointer"": false, ""generated_source"": false, ""global_read"": false, ""global_write"": false, ""goto"": false, ""lexical_ambiguity"": false, ""longjmp"": false, ""macro_density"": 0.0, ""macro_generated_declaration"": false, ""macro_use"": false, ""malloc"": false, ""memcpy"": false, ""memmove"": false, ""memset"": false, ""mutable_global"": false, ""parameter_count"": 2, ""platform_specific"": false, ""pointer_arithmetic"": false, ""pointer_count"": 4, ""pointer_to_pointer"": false, ""raw_pointer_parameter"": true, ""raw_pointer_return"": false, ""realloc"": false, ""setjmp"": false, ""static_local"": false, ""syscall"": false, ""third_party"": false, ""union"": false, ""va_list"": false, ""variadic"": false, ""void_pointer"": false}",TRIVIAL,no_significant_detected_blocker,"[""raw_pointer_parameter""]",medium
2,prometheus-cpp-core,458deac15d331ca4ec993d3b88ac8f8f727aae05,core/src/detail/hash.h,31,35,function,hash_combine,5,"{""bitfield"": false, ""branch_complexity_proxy"": 0, ""c_array"": false, ""call_count"": 3, ""callback"": false, ""calloc"": false, ""conditional_compilation"": false, ""explicit_abi_boundary"": false, ""extern_declaration"": false, ""extern_or_abi_boundary"": false, ""flexible_array"": false, ""free"": false, ""function_pointer"": false, ""generated_source"": false, ""global_read"": false, ""global_write"": false, ""goto"": false, ""lexical_ambiguity"": false, ""longjmp"": false, ""macro_density"": 0.0, ""macro_generated_declaration"": false, ""macro_use"": false, ""malloc"": false, ""memcpy"": false, ""memmove"": false, ""memset"": false, ""mutable_global"": false, ""parameter_count"": 3, ""platform_specific"": false, ""pointer_arithmetic"": false, ""pointer_count"": 1, ""pointer_to_pointer"": false, ""raw_pointer_parameter"": true, ""raw_pointer_return"": false, ""realloc"": false, ""setjmp"": false, ""static_local"": false, ""syscall"": false, ""third_party"": false, ""union"": false, ""va_list"": false, ""variadic"": true, ""void_pointer"": false}",NEEDS_TRANSPILER,variadic,[],medium
2,prometheus-cpp-core,458deac15d331ca4ec993d3b88ac8f8f727aae05,core/src/histogram.cc,17,21,function,is_strict_sorted,5,"{""bitfield"": false, ""branch_complexity_proxy"": 0, ""c_array"": false, ""call_count"": 2, ""callback"": false, ""calloc"": false, ""conditional_compilation"": false, ""explicit_abi_boundary"": false, ""extern_declaration"": false, ""extern_or_abi_boundary"": false, ""flexible_array"": false, ""free"": false, ""function_pointer"": false, ""generated_source"": false, ""global_read"": false, ""global_write"": false, ""goto"": false, ""lexical_ambiguity"": false, ""longjmp"": false, ""macro_density"": 0.0, ""macro_generated_declaration"": false, ""macro_use"": false, ""malloc"": false, ""memcpy"": false, ""memmove"": false, ""memset"": false, ""mutable_global"": false, ""parameter_count"": 2, ""platform_specific"": false, ""pointer_arithmetic"": false, ""pointer_count"": 0, ""pointer_to_pointer"": false, ""raw_pointer_parameter"": false, ""raw_pointer_return"": false, ""realloc"": false, ""setjmp"": false, ""static_local"": false, ""syscall"": false, ""third_party"": false, ""union"": false, ""va_list"": false, ""variadic"": false, ""void_pointer"": false}",TRIVIAL,no_significant_detected_blocker,[],medium
2,prometheus-cpp-core,458deac15d331ca4ec993d3b88ac8f8f727aae05,core/src/registry.cc,19,25,function,CollectAll,7,"{""bitfield"": false, ""branch_complexity_proxy"": 1, ""c_array"": false, ""call_count"": 9, ""callback"": false, ""calloc"": false, ""conditional_compilation"": false, ""explicit_abi_boundary"": false, ""extern_declaration"": false, ""extern_or_abi_boundary"": false, ""flexible_array"": false, ""free"": false, ""function_pointer"": false, ""generated_source"": false, ""global_read"": false, ""global_write"": false, ""goto"": false, ""lexical_ambiguity"": false, ""longjmp"": false, ""macro_density"": 0.0, ""macro_generated_declaration"": false, ""macro_use"": false, ""malloc"": false, ""memcpy"": false, ""memmove"": false, ""memset"": false, ""mutable_global"": false, ""parameter_count"": 2, ""platform_specific"": false, ""pointer_arithmetic"": false, ""pointer_count"": 0, ""pointer_to_pointer"": false, ""raw_pointer_parameter"": false, ""raw_pointer_return"": false, ""realloc"": false, ""setjmp"": false, ""static_local"": false, ""syscall"": false, ""third_party"": false, ""union"": false, ""va_list"": false, ""variadic"": false, ""void_pointer"": false}",TRIVIAL,no_significant_detected_blocker,[],medium
2,prometheus-cpp-core,458deac15d331ca4ec993d3b88ac8f8f727aae05,core/src/registry.cc,27,27,function,FamilyNameExists,1,"{""bitfield"": false, ""branch_complexity_proxy"": 0, ""c_array"": false, ""call_count"": 1, ""callback"": false, ""calloc"": false, ""conditional_compilation"": false, ""explicit_abi_boundary"": false, ""extern_declaration"": false, ""extern_or_abi_boundary"": false, ""flexible_array"": false, ""free"": false, ""function_pointer"": false, ""generated_source"": false, ""global_read"": false, ""global_write"": false, ""goto"": false, ""lexical_ambiguity"": false, ""longjmp"": false, ""macro_density"": 0.0, ""macro_generated_declaration"": false, ""macro_use"": false, ""malloc"": false, ""memcpy"": false, ""memmove"": false, ""memset"": false, ""mutable_global"": false, ""parameter_count"": 1, ""platform_specific"": false, ""pointer_arithmetic"": false, ""pointer_count"": 0, ""pointer_to_pointer"": false, ""raw_pointer_parameter"": false, ""raw_pointer_return"": false, ""realloc"": false, ""setjmp"": false, ""static_local"": false, ""syscall"": false, ""third_party"": false, ""union"": false, ""va_list"": false, ""variadic"": false, ""void_pointer"": false}",TRIVIAL,no_significant_detected_blocker,[],medium
2,prometheus-cpp-core,458deac15d331ca4ec993d3b88ac8f8f727aae05,core/src/registry.cc,30,38,function,FamilyNameExists,9,"{""bitfield"": false, ""branch_complexity_proxy"": 0, ""c_array"": false, ""call_count"": 7, ""callback"": false, ""calloc"": false, ""conditional_compilation"": false, ""explicit_abi_boundary"": false, ""extern_declaration"": false, ""extern_or_abi_boundary"": false, ""flexible_array"": false, ""free"": false, ""function_pointer"": false, ""generated_source"": false, ""global_read"": false, ""global_write"": false, ""goto"": false, ""lexical_ambiguity"": false, ""longjmp"": false, ""macro_density"": 0.0, ""macro_generated_declaration"": false, ""macro_use"": false, ""malloc"": false, ""memcpy"": false, ""memmove"": false, ""memset"": false, ""mutable_global"": false, ""parameter_count"": 3, ""platform_specific"": false, ""pointer_arithmetic"": false, ""pointer_count"": 0, ""pointer_to_pointer"": false, ""raw_pointer_parameter"": false, ""raw_pointer_return"": false, ""realloc"": false, ""setjmp"": false, ""static_local"": false, ""syscall"": false, ""third_party"": false, ""union"": false, ""va_list"": false, ""variadic"": true, ""void_pointer"": false}",NEEDS_TRANSPILER,variadic,[],medium
2,prometheus-cpp-core,458deac15d331ca4ec993d3b88ac8f8f727aae05,core/src/text_serializer.cc,18,26,function,WriteValue,9,"{""bitfield"": false, ""branch_complexity_proxy"": 2, ""c_array"": false, ""call_count"": 5, ""callback"": false, ""calloc"": false, ""conditional_compilation"": false, ""explicit_abi_boundary"": false, ""extern_declaration"": false, ""extern_or_abi_boundary"": false, ""flexible_array"": false, ""free"": false, ""function_pointer"": false, ""generated_source"": false, ""global_read"": false, ""global_write"": false, ""goto"": false, ""lexical_ambiguity"": false, ""longjmp"": false, ""macro_density"": 0.0, ""macro_generated_declaration"": false, ""macro_use"": false, ""malloc"": false, ""memcpy"": false, ""memmove"": false, ""memset"": false, ""mutable_global"": false, ""parameter_count"": 2, ""platform_specific"": false, ""pointer_arithmetic"": false, ""pointer_count"": 0, ""pointer_to_pointer"": false, ""raw_pointer_parameter"": false, ""raw_pointer_return"": false, ""realloc"": false, ""setjmp"": false, ""static_local"": false, ""syscall"": false, ""third_party"": false, ""union"": false, ""va_list"": false, ""variadic"": false, ""void_pointer"": false}",TRIVIAL,no_significant_detected_blocker,[],medium
2,prometheus-cpp-core,458deac15d331ca4ec993d3b88ac8f8f727aae05,core/src/text_serializer.cc,28,48,function,WriteValue,21,"{""bitfield"": false, ""branch_complexity_proxy"": 4, ""c_array"": false, ""call_count"": 3, ""callback"": false, ""calloc"": false, ""conditional_compilation"": false, ""explicit_abi_boundary"": false, ""extern_declaration"": false, ""extern_or_abi_boundary"": false, ""flexible_array"": false, ""free"": false, ""function_pointer"": false, ""generated_source"": false, ""global_read"": false, ""global_write"": false, ""goto"": false, ""lexical_ambiguity"": false, ""longjmp"": false, ""macro_density"": 0.0, ""macro_generated_declaration"": false, ""macro_use"": false, ""malloc"": false, ""memcpy"": false, ""memmove"": false, ""memset"": false, ""mutable_global"": false, ""parameter_count"": 2, ""platform_specific"": false, ""pointer_arithmetic"": false, ""pointer_count"": 0, ""pointer_to_pointer"": false, ""raw_pointer_parameter"": false, ""raw_pointer_return"": false, ""realloc"": false, ""setjmp"": false, ""static_local"": false, ""syscall"": false, ""third_party"": false, ""union"": false, ""va_list"": false, ""variadic"": false, ""void_pointer"": false}",TRIVIAL,no_significant_detected_blocker,[],medium
2,prometheus-cpp-core,458deac15d331ca4ec993d3b88ac8f8f727aae05,core/src/text_serializer.cc,52,75,function,WriteHead,24,"{""bitfield"": false, ""branch_complexity_proxy"": 3, ""c_array"": false, ""call_count"": 10, ""callback"": false, ""calloc"": false, ""conditional_compilation"": false, ""explicit_abi_boundary"": false, ""extern_declaration"": false, ""extern_or_abi_boundary"": false, ""flexible_array"": false, ""free"": false, ""function_pointer"": false, ""generated_source"": false, ""global_read"": false, ""global_write"": false, ""goto"": false, ""lexical_ambiguity"": false, ""longjmp"": false, ""macro_density"": 0.0, ""macro_generated_declaration"": false, ""macro_use"": false, ""malloc"": false, ""memcpy"": false, ""memmove"": false, ""memset"": false, ""mutable_global"": false, ""parameter_count"": 6, ""platform_specific"": false, ""pointer_arithmetic"": false, ""pointer_count"": 1, ""pointer_to_pointer"": false, ""raw_pointer_parameter"": false, ""raw_pointer_return"": false, ""realloc"": false, ""setjmp"": false, ""static_local"": false, ""syscall"": false, ""third_party"": false, ""union"": false, ""va_list"": false, ""variadic"": false, ""void_pointer"": false}",TRIVIAL,no_significant_detected_blocker,[],medium
2,prometheus-cpp-core,458deac15d331ca4ec993d3b88ac8f8f727aae05,core/src/text_serializer.cc,78,83,function,WriteTail,6,"{""bitfield"": false, ""branch_complexity_proxy"": 1, ""c_array"": false, ""call_count"": 2, ""callback"": false, ""calloc"": false, ""conditional_compilation"": false, ""explicit_abi_boundary"": false, ""extern_declaration"": false, ""extern_or_abi_boundary"": false, ""flexible_array"": false, ""free"": false, ""function_pointer"": false, ""generated_source"": false, ""global_read"": false, ""global_write"": false, ""goto"": false, ""lexical_ambiguity"": false, ""longjmp"": false, ""macro_density"": 0.0, ""macro_generated_declaration"": false, ""macro_use"": false, ""malloc"": false, ""memcpy"": false, ""memmove"": false, ""memset"": false, ""mutable_global"": false, ""parameter_count"": 2, ""platform_specific"": false, ""pointer_arithmetic"": false, ""pointer_count"": 0, ""pointer_to_pointer"": false, ""raw_pointer_parameter"": false, ""raw_pointer_return"": false, ""realloc"": false, ""setjmp"": false, ""static_local"": false, ""syscall"": false, ""third_party"": false, ""union"": false, ""va_list"": false, ""variadic"": false, ""void_pointer"": false}",TRIVIAL,no_significant_detected_blocker,[],medium
2,prometheus-cpp-core,458deac15d331ca4ec993d3b88ac8f8f727aae05,core/src/text_serializer.cc,85,90,function,SerializeCounter,6,"{""bitfield"": false, ""branch_complexity_proxy"": 0, ""c_array"": false, ""call_count"": 4, ""callback"": false, ""calloc"": false, ""conditional_compilation"": false, ""explicit_abi_boundary"": false, ""extern_declaration"": false, ""extern_or_abi_boundary"": false, ""flexible_array"": false, ""free"": false, ""function_pointer"": false, ""generated_source"": false, ""global_read"": false, ""global_write"": false, ""goto"": false, ""lexical_ambiguity"": false, ""longjmp"": false, ""macro_density"": 0.0, ""macro_generated_declaration"": false, ""macro_use"": false, ""malloc"": false, ""memcpy"": false, ""memmove"": false, ""memset"": false, ""mutable_global"": false, ""parameter_count"": 3, ""platform_specific"": false, ""pointer_arithmetic"": false, ""pointer_count"": 0, ""pointer_to_pointer"": false, ""raw_pointer_parameter"": false, ""raw_pointer_return"": false, ""realloc"": false, ""setjmp"": false, ""static_local"": false, ""syscall"": false, ""third_party"": false, ""union"": false, ""va_list"": false, ""variadic"": false, ""void_pointer"": false}",TRIVIAL,no_significant_detected_blocker,[],medium
2,prometheus-cpp-core,458deac15d331ca4ec993d3b88ac8f8f727aae05,core/src/text_serializer.cc,92,97,function,SerializeGauge,6,"{""bitfield"": false, ""branch_complexity_proxy"": 0, ""c_array"": false, ""call_count"": 4, ""callback"": false, ""calloc"": false, ""conditional_compilation"": false, ""explicit_abi_boundary"": false, ""extern_declaration"": false, ""extern_or_abi_boundary"": false, ""flexible_array"": false, ""free"": false, ""function_pointer"": false, ""generated_source"": false, ""global_read"": false, ""global_write"": false, ""goto"": false, ""lexical_ambiguity"": false, ""longjmp"": false, ""macro_density"": 0.0, ""macro_generated_declaration"": false, ""macro_use"": false, ""malloc"": false, ""memcpy"": false, ""memmove"": false, ""memset"": false, ""mutable_global"": false, ""parameter_count"": 3, ""platform_specific"": false, ""pointer_arithmetic"": false, ""pointer_count"": 0, ""pointer_to_pointer"": false, ""raw_pointer_parameter"": false, ""raw_pointer_return"": false, ""realloc"": false, ""setjmp"": false, ""static_local"": false, ""syscall"": false, ""third_party"": false, ""union"": false, ""va_list"": false, ""variadic"": false, ""void_pointer"": false}",TRIVIAL,no_significant_detected_blocker,[],medium
2,prometheus-cpp-core,458deac15d331ca4ec993d3b88ac8f8f727aae05,core/src/text_serializer.cc,99,104,function,SerializeInfo,6,"{""bitfield"": false, ""branch_complexity_proxy"": 0, ""c_array"": false, ""call_count"": 4, ""callback"": false, ""calloc"": false, ""conditional_compilation"": false, ""explicit_abi_boundary"": false, ""extern_declaration"": false, ""extern_or_abi_boundary"": false, ""flexible_array"": false, ""free"": false, ""function_pointer"": false, ""generated_source"": false, ""global_read"": false, ""global_write"": false, ""goto"": false, ""lexical_ambiguity"": false, ""longjmp"": false, ""macro_density"": 0.0, ""macro_generated_declaration"": false, ""macro_use"": false, ""malloc"": false, ""memcpy"": false, ""memmove"": false, ""memset"": false, ""mutable_global"": false, ""parameter_count"": 3, ""platform_specific"": false, ""pointer_arithmetic"": false, ""pointer_count"": 0, ""pointer_to_pointer"": false, ""raw_pointer_parameter"": false, ""raw_pointer_return"": false, ""realloc"": false, ""setjmp"": false, ""static_local"": false, ""syscall"": false, ""third_party"": false, ""union"": false, ""va_list"": false, ""variadic"": false, ""void_pointer"": false}",TRIVIAL,no_significant_detected_blocker,[],medium
2,prometheus-cpp-core,458deac15d331ca4ec993d3b88ac8f8f727aae05,core/src/text_serializer.cc,106,122,function,SerializeSummary,17,"{""bitfield"": false, ""branch_complexity_proxy"": 1, ""c_array"": false, ""call_count"": 10, ""callback"": false, ""calloc"": false, ""conditional_compilation"": false, ""explicit_abi_boundary"": false, ""extern_declaration"": false, ""extern_or_abi_boundary"": false, ""flexible_array"": false, ""free"": false, ""function_pointer"": false, ""generated_source"": false, ""global_read"": false, ""global_write"": false, ""goto"": false, ""lexical_ambiguity"": false, ""longjmp"": false, ""macro_density"": 0.0, ""macro_generated_declaration"": false, ""macro_use"": false, ""malloc"": false, ""memcpy"": false, ""memmove"": false, ""memset"": false, ""mutable_global"": false, ""parameter_count"": 3, ""platform_specific"": false, ""pointer_arithmetic"": false, ""pointer_count"": 0, ""pointer_to_pointer"": false, ""raw_pointer_parameter"": false, ""raw_pointer_return"": false, ""realloc"": false, ""setjmp"": false, ""static_local"": false, ""syscall"": false, ""third_party"": false, ""union"": false, ""va_list"": false, ""variadic"": false, ""void_pointer"": false}",TRIVIAL,no_significant_detected_blocker,[],medium
2,prometheus-cpp-core,458deac15d331ca4ec993d3b88ac8f8f727aae05,core/src/text_serializer.cc,124,129,function,SerializeUntyped,6,"{""bitfield"": false, ""branch_complexity_proxy"": 0, ""c_array"": false, ""call_count"": 4, ""callback"": false, ""calloc"": false, ""conditional_compilation"": false, ""explicit_abi_boundary"": false, ""extern_declaration"": false, ""extern_or_abi_boundary"": false, ""flexible_array"": false, ""free"": false, ""function_pointer"": false, ""generated_source"": false, ""global_read"": false, ""global_write"": false, ""goto"": false, ""lexical_ambiguity"": false, ""longjmp"": false, ""macro_density"": 0.0, ""macro_generated_declaration"": false, ""macro_use"": false, ""malloc"": false, ""memcpy"": false, ""memmove"": false, ""memset"": false, ""mutable_global"": false, ""parameter_count"": 3, ""platform_specific"": false, ""pointer_arithmetic"": false, ""pointer_count"": 0, ""pointer_to_pointer"": false, ""raw_pointer_parameter"": false, ""raw_pointer_return"": false, ""realloc"": false, ""setjmp"": false, ""static_local"": false, ""syscall"": false, ""third_party"": false, ""union"": false, ""va_list"": false, ""variadic"": false, ""void_pointer"": false}",TRIVIAL,no_significant_detected_blocker,[],medium
2,prometheus-cpp-core,458deac15d331ca4ec993d3b88ac8f8f727aae05,core/src/text_serializer.cc,131,155,function,SerializeHistogram,25,"{""bitfield"": false, ""branch_complexity_proxy"": 2, ""c_array"": false, ""call_count"": 14, ""callback"": false, ""calloc"": false, ""conditional_compilation"": false, ""explicit_abi_boundary"": false, ""extern_declaration"": false, ""extern_or_abi_boundary"": false, ""flexible_array"": false, ""free"": false, ""function_pointer"": false, ""generated_source"": false, ""global_read"": false, ""global_write"": false, ""goto"": false, ""lexical_ambiguity"": false, ""longjmp"": false, ""macro_density"": 0.0, ""macro_generated_declaration"": false, ""macro_use"": false, ""malloc"": false, ""memcpy"": false, ""memmove"": false, ""memset"": false, ""mutable_global"": false, ""parameter_count"": 3, ""platform_specific"": false, ""pointer_arithmetic"": false, ""pointer_count"": 0, ""pointer_to_pointer"": false, ""raw_pointer_parameter"": false, ""raw_pointer_return"": false, ""realloc"": false, ""setjmp"": false, ""static_local"": false, ""syscall"": false, ""third_party"": false, ""union"": false, ""va_list"": false, ""variadic"": false, ""void_pointer"": false}",TRIVIAL,no_significant_detected_blocker,[],medium
2,prometheus-cpp-core,458deac15d331ca4ec993d3b88ac8f8f727aae05,core/src/text_serializer.cc,157,201,function,SerializeFamily,45,"{""bitfield"": false, ""branch_complexity_proxy"": 13, ""c_array"": false, ""call_count"": 16, ""callback"": false, ""calloc"": false, ""conditional_compilation"": false, ""explicit_abi_boundary"": false, ""extern_declaration"": false, ""extern_or_abi_boundary"": false, ""flexible_array"": false, ""free"": false, ""function_pointer"": false, ""generated_source"": false, ""global_read"": false, ""global_write"": false, ""goto"": false, ""lexical_ambiguity"": false, ""longjmp"": false, ""macro_density"": 0.0, ""macro_generated_declaration"": false, ""macro_use"": false, ""malloc"": false, ""memcpy"": false, ""memmove"": false, ""memset"": false, ""mutable_global"": false, ""parameter_count"": 2, ""platform_specific"": false, ""pointer_arithmetic"": false, ""pointer_count"": 0, ""pointer_to_pointer"": false, ""raw_pointer_parameter"": false, ""raw_pointer_return"": false, ""realloc"": false, ""setjmp"": false, ""static_local"": false, ""syscall"": false, ""third_party"": false, ""union"": false, ""va_list"": false, ""variadic"": false, ""void_pointer"": false}",TRIVIAL,no_significant_detected_blocker,[],medium
